Workbook

Sheet DOWNLOADEDOriginal Dataset (Unt
A1: year_month | B1: year | C1: month | D1: region | E1: rpk_billions | F1: ask_billions | G1: load_factor_pct
A2: 40179 | B2: 2010 | C2: 1 | D2: North America | E2: 61.73 | F2: 76.45 | G2: 80.8
A3: 40210 | B3: 2010 | C3: 2 | D3: North America | E3: 58.63 | F3: 72.13 | G3: 81.3
A4: 40238 | B4: 2010 | C4: 3 | D4: North America | E4: 60.16 | F4: 72.79 | G4: 82.6
A5: 40269 | B5: 2010 | C5: 4 | D5: North America | E5: 64.07 | F5: 76.8 | G5: 83.4
A6: 40299 | B6: 2010 | C6: 5 | D6: North America | E6: 69.43 | F6: 85.85 | G6: 80.9
A7: 40330 | B7: 2010 | C7: 6 | D7: North America | E7: 76.14 | F7: 89.95 | G7: 84.7
A8: 40360 | B8: 2010 | C8: 7 | D8: North America | E8: 82.62 | F8: 101.28 | G8: 81.6
A9: 40391 | B9: 2010 | C9: 8 | D9: North America | E9: 84.79 | F9: 109 | G9: 77.8
A10: 40422 | B10: 2010 | C10: 9 | D10: North America | E10: 82.23 | F10: 95.62 | G10: 86
A11: 40452 | B11: 2010 | C11: 10 | D11: North America | E11: 78.9 | F11: 96.05 | G11: 82.1
A12: 40483 | B12: 2010 | C12: 11 | D12: North America | E12: 74.55 | F12: 88.97 | G12: 83.8
A13: 40513 | B13: 2010 | C13: 12 | D13: North America | E13: 64.09 | F13: 81.5 | G13: 78.6
... A1177: 46113 | B1177: 2026 | C1177: 4 | D1177: Africa | E1177: 7.38 | F1177: 8.94 | G1177: 82.6

Sheet Working Data Set
A1: year_month | B1: year | C1: month | D1: region | E1: RPK (Billions) | F1: ASK (Billions) | G1: Load Factor (RPK/ASK) | H1: MONTH - YEAR Text | I1: DATE
A2: 40179 | B2: 2010 | C2: 1 | D2: North America | E2: 61.73 | F2: 76.45 | G2: 80.8 | H2: =TEXT(DATE(B2,C2,1),"mmmm yyyy") -> January 2010 | I2: =DATE(B2,C2,1) -> 40179
A3: 40210 | B3: 2010 | C3: 2 | D3: North America | E3: 58.63 | F3: 72.13 | G3: 81.3 | H3: =TEXT(DATE(B3,C3,1),"mmmm yyyy") -> February 2010 | I3: =DATE(B3,C3,1) -> 40210
A4: 40238 | B4: 2010 | C4: 3 | D4: North America | E4: 60.16 | F4: 72.79 | G4: 82.6 | H4: =TEXT(DATE(B4,C4,1),"mmmm yyyy") -> March 2010 | I4: =DATE(B4,C4,1) -> 40238
A5: 40269 | B5: 2010 | C5: 4 | D5: North America | E5: 64.07 | F5: 76.8 | G5: 83.4 | H5: =TEXT(DATE(B5,C5,1),"mmmm yyyy") -> April 2010 | I5: =DATE(B5,C5,1) -> 40269
A6: 40299 | B6: 2010 | C6: 5 | D6: North America | E6: 69.43 | F6: 85.85 | G6: 80.9 | H6: =TEXT(DATE(B6,C6,1),"mmmm yyyy") -> May 2010 | I6: =DATE(B6,C6,1) -> 40299
A7: 40330 | B7: 2010 | C7: 6 | D7: North America | E7: 76.14 | F7: 89.95 | G7: 84.7 | H7: =TEXT(DATE(B7,C7,1),"mmmm yyyy") -> June 2010 | I7: =DATE(B7,C7,1) -> 40330
A8: 40360 | B8: 2010 | C8: 7 | D8: North America | E8: 82.62 | F8: 101.28 | G8: 81.6 | H8: =TEXT(DATE(B8,C8,1),"mmmm yyyy") -> July 2010 | I8: =DATE(B8,C8,1) -> 40360
A9: 40391 | B9: 2010 | C9: 8 | D9: North America | E9: 84.79 | F9: 109 | G9: 77.8 | H9: =TEXT(DATE(B9,C9,1),"mmmm yyyy") -> August 2010 | I9: =DATE(B9,C9,1) -> 40391
A10: 40422 | B10: 2010 | C10: 9 | D10: North America | E10: 82.23 | F10: 95.62 | G10: 86 | H10: =TEXT(DATE(B10,C10,1),"mmmm yyyy") -> September 2010 | I10: =DATE(B10,C10,1) -> 40422
A11: 40452 | B11: 2010 | C11: 10 | D11: North America | E11: 78.9 | F11: 96.05 | G11: 82.1 | H11: =TEXT(DATE(B11,C11,1),"mmmm yyyy") -> October 2010 | I11: =DATE(B11,C11,1) -> 40452
A12: 40483 | B12: 2010 | C12: 11 | D12: North America | E12: 74.55 | F12: 88.97 | G12: 83.8 | H12: =TEXT(DATE(B12,C12,1),"mmmm yyyy") -> November 2010 | I12: =DATE(B12,C12,1) -> 40483
A13: 40513 | B13: 2010 | C13: 12 | D13: North America | E13: 64.09 | F13: 81.5 | G13: 78.6 | H13: =TEXT(DATE(B13,C13,1),"mmmm yyyy") -> December 2010 | I13: =DATE(B13,C13,1) -> 40513
... A1177: 46113 | B1177: 2026 | C1177: 4 | D1177: Africa | E1177: 7.38 | F1177: 8.94 | G1177: 82.6 | H1177: =TEXT(DATE(B1177,C1177,1),"mmmm yyyy") -> April 2026 | I1177: =DATE(B1177,C1177,1) -> 46113

Sheet Pivot

Sheet Pivot Table Percentage Calculat
A1: REGION | B1: RPK 2010 | C1: RPK 2019 | D1: RPK 2025 | E1: GROWTH 2010 - 2025 | F1: GROWTH SINCE 2019
A2: Middle East | B2: =VLOOKUP($A2,Pivot!$A$2:$S$8,2,FALSE) -> 203.1 | C2: =VLOOKUP($A2,Pivot!$A$2:$S$8,11,FALSE) -> 263.85 | D2: =VLOOKUP($A2,Pivot!$A$2:$S$8,17,FALSE) -> 438.26 | E2: =(D2-B2)/B2 -> 1.1578533 | F2: =(D2-C2)/C2 -> 0.66101952
A3: Africa | B3: =VLOOKUP($A3,Pivot!$A$2:$S$8,2,FALSE) -> 55.58 | C3: =VLOOKUP($A3,Pivot!$A$2:$S$8,11,FALSE) -> 58.59 | D3: =VLOOKUP($A3,Pivot!$A$2:$S$8,17,FALSE) -> 92.88 | E3: =(D3-B3)/B3 -> 0.67110471 | F3: =(D3-C3)/C3 -> 0.58525346
A4: Europe | B4: =VLOOKUP($A4,Pivot!$A$2:$S$8,2,FALSE) -> 952.97 | C4: =VLOOKUP($A4,Pivot!$A$2:$S$8,11,FALSE) -> 1015.92 | D4: =VLOOKUP($A4,Pivot!$A$2:$S$8,17,FALSE) -> 1522.2 | E4: =(D4-B4)/B4 -> 0.59732206 | F4: =(D4-C4)/C4 -> 0.49834633
A5: Asia Pacific | B5: =VLOOKUP($A5,Pivot!$A$2:$S$8,2,FALSE) -> 972.99 | C5: =VLOOKUP($A5,Pivot!$A$2:$S$8,11,FALSE) -> 1310.36 | D5: =VLOOKUP($A5,Pivot!$A$2:$S$8,17,FALSE) -> 1902.63 | E5: =(D5-B5)/B5 -> 0.95544661 | F5: =(D5-C5)/C5 -> 0.45199029
A6: North America | B6: =VLOOKUP($A6,Pivot!$A$2:$S$8,2,FALSE) -> 857.34 | C6: =VLOOKUP($A6,Pivot!$A$2:$S$8,11,FALSE) -> 829.66 | D6: =VLOOKUP($A6,Pivot!$A$2:$S$8,17,FALSE) -> 1203.25 | E6: =(D6-B6)/B6 -> 0.40346887 | F6: =(D6-C6)/C6 -> 0.45029289
A7: Latin America | B7: =VLOOKUP($A7,Pivot!$A$2:$S$8,2,FALSE) -> 134.6 | C7: =VLOOKUP($A7,Pivot!$A$2:$S$8,11,FALSE) -> 155.78 | D7: =VLOOKUP($A7,Pivot!$A$2:$S$8,17,FALSE) -> 224.78 | E7: =(D7-B7)/B7 -> 0.66998514 | F7: =(D7-C7)/C7 -> 0.44293234

Sheet Line Chart Data
A1: YEAR | B1: Africa | C1: Asia Pacific | D1: Europe | E1: Latin America | F1: Middle East | G1: North America
A2: 2010 | B2: =VLOOKUP(B$1,Pivot!$A$2:$S$8,$A2-2008,FALSE)/VLOOKUP(B$1,Pivot!$A$2:$S$8,2,FALSE)-1 -> 0 | C2: =VLOOKUP(C$1,Pivot!$A$2:$S$8,$A2-2008,FALSE)/VLOOKUP(C$1,Pivot!$A$2:$S$8,2,FALSE)-1 -> 0 | D2: =VLOOKUP(D$1,Pivot!$A$2:$S$8,$A2-2008,FALSE)/VLOOKUP(D$1,Pivot!$A$2:$S$8,2,FALSE)-1 -> 0 | E2: =VLOOKUP(E$1,Pivot!$A$2:$S$8,$A2-2008,FALSE)/VLOOKUP(E$1,Pivot!$A$2:$S$8,2,FALSE)-1 -> 0 | F2: =VLOOKUP(F$1,Pivot!$A$2:$S$8,$A2-2008,FALSE)/VLOOKUP(F$1,Pivot!$A$2:$S$8,2,FALSE)-1 -> 0 | G2: =VLOOKUP(G$1,Pivot!$A$2:$S$8,$A2-2008,FALSE)/VLOOKUP(G$1,Pivot!$A$2:$S$8,2,FALSE)-1 -> 0
A3: 2011 | B3: =VLOOKUP(B$1,Pivot!$A$2:$S$8,$A3-2008,FALSE)/VLOOKUP(B$1,Pivot!$A$2:$S$8,2,FALSE)-1 -> 0.077365959 | C3: =VLOOKUP(C$1,Pivot!$A$2:$S$8,$A3-2008,FALSE)/VLOOKUP(C$1,Pivot!$A$2:$S$8,2,FALSE)-1 -> 0.08030915 | D3: =VLOOKUP(D$1,Pivot!$A$2:$S$8,$A3-2008,FALSE)/VLOOKUP(D$1,Pivot!$A$2:$S$8,2,FALSE)-1 -> 0.053044692 | E3: =VLOOKUP(E$1,Pivot!$A$2:$S$8,$A3-2008,FALSE)/VLOOKUP(E$1,Pivot!$A$2:$S$8,2,FALSE)-1 -> 0.054680535 | F3: =VLOOKUP(F$1,Pivot!$A$2:$S$8,$A3-2008,FALSE)/VLOOKUP(F$1,Pivot!$A$2:$S$8,2,FALSE)-1 -> 0.10669621 | G3: =VLOOKUP(G$1,Pivot!$A$2:$S$8,$A3-2008,FALSE)/VLOOKUP(G$1,Pivot!$A$2:$S$8,2,FALSE)-1 -> 0.039459258
A4: 2012 | B4: =VLOOKUP(B$1,Pivot!$A$2:$S$8,$A4-2008,FALSE)/VLOOKUP(B$1,Pivot!$A$2:$S$8,2,FALSE)-1 -> 0.13620007 | C4: =VLOOKUP(C$1,Pivot!$A$2:$S$8,$A4-2008,FALSE)/VLOOKUP(C$1,Pivot!$A$2:$S$8,2,FALSE)-1 -> 0.16272521 | D4: =VLOOKUP(D$1,Pivot!$A$2:$S$8,$A4-2008,FALSE)/VLOOKUP(D$1,Pivot!$A$2:$S$8,2,FALSE)-1 -> 0.11062258 | E4: =VLOOKUP(E$1,Pivot!$A$2:$S$8,$A4-2008,FALSE)/VLOOKUP(E$1,Pivot!$A$2:$S$8,2,FALSE)-1 -> 0.12013373 | F4: =VLOOKUP(F$1,Pivot!$A$2:$S$8,$A4-2008,FALSE)/VLOOKUP(F$1,Pivot!$A$2:$S$8,2,FALSE)-1 -> 0.22555391 | G4: =VLOOKUP(G$1,Pivot!$A$2:$S$8,$A4-2008,FALSE)/VLOOKUP(G$1,Pivot!$A$2:$S$8,2,FALSE)-1 -> 0.091503954
A5: 2013 | B5: =VLOOKUP(B$1,Pivot!$A$2:$S$8,$A5-2008,FALSE)/VLOOKUP(B$1,Pivot!$A$2:$S$8,2,FALSE)-1 -> 0.18585822 | C5: =VLOOKUP(C$1,Pivot!$A$2:$S$8,$A5-2008,FALSE)/VLOOKUP(C$1,Pivot!$A$2:$S$8,2,FALSE)-1 -> 0.24334269 | D5: =VLOOKUP(D$1,Pivot!$A$2:$S$8,$A5-2008,FALSE)/VLOOKUP(D$1,Pivot!$A$2:$S$8,2,FALSE)-1 -> 0.17693107 | E5: =VLOOKUP(E$1,Pivot!$A$2:$S$8,$A5-2008,FALSE)/VLOOKUP(E$1,Pivot!$A$2:$S$8,2,FALSE)-1 -> 0.17414562 | F5: =VLOOKUP(F$1,Pivot!$A$2:$S$8,$A5-2008,FALSE)/VLOOKUP(F$1,Pivot!$A$2:$S$8,2,FALSE)-1 -> 0.35519449 | G5: =VLOOKUP(G$1,Pivot!$A$2:$S$8,$A5-2008,FALSE)/VLOOKUP(G$1,Pivot!$A$2:$S$8,2,FALSE)-1 -> 0.11540346
A6: 2014 | B6: =VLOOKUP(B$1,Pivot!$A$2:$S$8,$A6-2008,FALSE)/VLOOKUP(B$1,Pivot!$A$2:$S$8,2,FALSE)-1 -> 0.26034545 | C6: =VLOOKUP(C$1,Pivot!$A$2:$S$8,$A6-2008,FALSE)/VLOOKUP(C$1,Pivot!$A$2:$S$8,2,FALSE)-1 -> 0.31441228 | D6: =VLOOKUP(D$1,Pivot!$A$2:$S$8,$A6-2008,FALSE)/VLOOKUP(D$1,Pivot!$A$2:$S$8,2,FALSE)-1 -> 0.23354355 | E6: =VLOOKUP(E$1,Pivot!$A$2:$S$8,$A6-2008,FALSE)/VLOOKUP(E$1,Pivot!$A$2:$S$8,2,FALSE)-1 -> 0.21010401 | F6: =VLOOKUP(F$1,Pivot!$A$2:$S$8,$A6-2008,FALSE)/VLOOKUP(F$1,Pivot!$A$2:$S$8,2,FALSE)-1 -> 0.49167898 | G6: =VLOOKUP(G$1,Pivot!$A$2:$S$8,$A6-2008,FALSE)/VLOOKUP(G$1,Pivot!$A$2:$S$8,2,FALSE)-1 -> 0.1668183
A7: 2015 | B7: =VLOOKUP(B$1,Pivot!$A$2:$S$8,$A7-2008,FALSE)/VLOOKUP(B$1,Pivot!$A$2:$S$8,2,FALSE)-1 -> 0.33411299 | C7: =VLOOKUP(C$1,Pivot!$A$2:$S$8,$A7-2008,FALSE)/VLOOKUP(C$1,Pivot!$A$2:$S$8,2,FALSE)-1 -> 0.41116558 | D7: =VLOOKUP(D$1,Pivot!$A$2:$S$8,$A7-2008,FALSE)/VLOOKUP(D$1,Pivot!$A$2:$S$8,2,FALSE)-1 -> 0.29607438 | E7: =VLOOKUP(E$1,Pivot!$A$2:$S$8,$A7-2008,FALSE)/VLOOKUP(E$1,Pivot!$A$2:$S$8,2,FALSE)-1 -> 0.27615156 | F7: =VLOOKUP(F$1,Pivot!$A$2:$S$8,$A7-2008,FALSE)/VLOOKUP(F$1,Pivot!$A$2:$S$8,2,FALSE)-1 -> 0.56125062 | G7: =VLOOKUP(G$1,Pivot!$A$2:$S$8,$A7-2008,FALSE)/VLOOKUP(G$1,Pivot!$A$2:$S$8,2,FALSE)-1 -> 0.21681013
A8: 2016 | B8: =VLOOKUP(B$1,Pivot!$A$2:$S$8,$A8-2008,FALSE)/VLOOKUP(B$1,Pivot!$A$2:$S$8,2,FALSE)-1 -> 0.40338251 | C8: =VLOOKUP(C$1,Pivot!$A$2:$S$8,$A8-2008,FALSE)/VLOOKUP(C$1,Pivot!$A$2:$S$8,2,FALSE)-1 -> 0.55138285 | D8: =VLOOKUP(D$1,Pivot!$A$2:$S$8,$A8-2008,FALSE)/VLOOKUP(D$1,Pivot!$A$2:$S$8,2,FALSE)-1 -> 0.36098723 | E8: =VLOOKUP(E$1,Pivot!$A$2:$S$8,$A8-2008,FALSE)/VLOOKUP(E$1,Pivot!$A$2:$S$8,2,FALSE)-1 -> 0.37682021 | F8: =VLOOKUP(F$1,Pivot!$A$2:$S$8,$A8-2008,FALSE)/VLOOKUP(F$1,Pivot!$A$2:$S$8,2,FALSE)-1 -> 0.68606598 | G8: =VLOOKUP(G$1,Pivot!$A$2:$S$8,$A8-2008,FALSE)/VLOOKUP(G$1,Pivot!$A$2:$S$8,2,FALSE)-1 -> 0.25037908
A9: 2017 | B9: =VLOOKUP(B$1,Pivot!$A$2:$S$8,$A9-2008,FALSE)/VLOOKUP(B$1,Pivot!$A$2:$S$8,2,FALSE)-1 -> 0.44098597 | C9: =VLOOKUP(C$1,Pivot!$A$2:$S$8,$A9-2008,FALSE)/VLOOKUP(C$1,Pivot!$A$2:$S$8,2,FALSE)-1 -> 0.65991428 | D9: =VLOOKUP(D$1,Pivot!$A$2:$S$8,$A9-2008,FALSE)/VLOOKUP(D$1,Pivot!$A$2:$S$8,2,FALSE)-1 -> 0.44449458 | E9: =VLOOKUP(E$1,Pivot!$A$2:$S$8,$A9-2008,FALSE)/VLOOKUP(E$1,Pivot!$A$2:$S$8,2,FALSE)-1 -> 0.46567608 | F9: =VLOOKUP(F$1,Pivot!$A$2:$S$8,$A9-2008,FALSE)/VLOOKUP(F$1,Pivot!$A$2:$S$8,2,FALSE)-1 -> 0.77725258 | G9: =VLOOKUP(G$1,Pivot!$A$2:$S$8,$A9-2008,FALSE)/VLOOKUP(G$1,Pivot!$A$2:$S$8,2,FALSE)-1 -> 0.27073273
A10: 2018 | B10: =VLOOKUP(B$1,Pivot!$A$2:$S$8,$A10-2008,FALSE)/VLOOKUP(B$1,Pivot!$A$2:$S$8,2,FALSE)-1 -> 0.48686578 | C10: =VLOOKUP(C$1,Pivot!$A$2:$S$8,$A10-2008,FALSE)/VLOOKUP(C$1,Pivot!$A$2:$S$8,2,FALSE)-1 -> 0.81107719 | D10: =VLOOKUP(D$1,Pivot!$A$2:$S$8,$A10-2008,FALSE)/VLOOKUP(D$1,Pivot!$A$2:$S$8,2,FALSE)-1 -> 0.5265958 | E10: =VLOOKUP(E$1,Pivot!$A$2:$S$8,$A10-2008,FALSE)/VLOOKUP(E$1,Pivot!$A$2:$S$8,2,FALSE)-1 -> 0.56359584 | F10: =VLOOKUP(F$1,Pivot!$A$2:$S$8,$A10-2008,FALSE)/VLOOKUP(F$1,Pivot!$A$2:$S$8,2,FALSE)-1 -> 0.83919252 | G10: =VLOOKUP(G$1,Pivot!$A$2:$S$8,$A10-2008,FALSE)/VLOOKUP(G$1,Pivot!$A$2:$S$8,2,FALSE)-1 -> 0.33382322
A11: 2019 | B11: =VLOOKUP(B$1,Pivot!$A$2:$S$8,$A11-2008,FALSE)/VLOOKUP(B$1,Pivot!$A$2:$S$8,2,FALSE)-1 -> 0.054156171 | C11: =VLOOKUP(C$1,Pivot!$A$2:$S$8,$A11-2008,FALSE)/VLOOKUP(C$1,Pivot!$A$2:$S$8,2,FALSE)-1 -> 0.34673532 | D11: =VLOOKUP(D$1,Pivot!$A$2:$S$8,$A11-2008,FALSE)/VLOOKUP(D$1,Pivot!$A$2:$S$8,2,FALSE)-1 -> 0.066056644 | E11: =VLOOKUP(E$1,Pivot!$A$2:$S$8,$A11-2008,FALSE)/VLOOKUP(E$1,Pivot!$A$2:$S$8,2,FALSE)-1 -> 0.15735513 | F11: =VLOOKUP(F$1,Pivot!$A$2:$S$8,$A11-2008,FALSE)/VLOOKUP(F$1,Pivot!$A$2:$S$8,2,FALSE)-1 -> 0.29911374 | G11: =VLOOKUP(G$1,Pivot!$A$2:$S$8,$A11-2008,FALSE)/VLOOKUP(G$1,Pivot!$A$2:$S$8,2,FALSE)-1 -> -0.032285908
A12: 2020 | B12: =VLOOKUP(B$1,Pivot!$A$2:$S$8,$A12-2008,FALSE)/VLOOKUP(B$1,Pivot!$A$2:$S$8,2,FALSE)-1 -> -0.71032746 | C12: =VLOOKUP(C$1,Pivot!$A$2:$S$8,$A12-2008,FALSE)/VLOOKUP(C$1,Pivot!$A$2:$S$8,2,FALSE)-1 -> -0.66310034 | D12: =VLOOKUP(D$1,Pivot!$A$2:$S$8,$A12-2008,FALSE)/VLOOKUP(D$1,Pivot!$A$2:$S$8,2,FALSE)-1 -> -0.71536355 | E12: =VLOOKUP(E$1,Pivot!$A$2:$S$8,$A12-2008,FALSE)/VLOOKUP(E$1,Pivot!$A$2:$S$8,2,FALSE)-1 -> -0.66649331 | F12: =VLOOKUP(F$1,Pivot!$A$2:$S$8,$A12-2008,FALSE)/VLOOKUP(F$1,Pivot!$A$2:$S$8,2,FALSE)-1 -> -0.65061546 | G12: =VLOOKUP(G$1,Pivot!$A$2:$S$8,$A12-2008,FALSE)/VLOOKUP(G$1,Pivot!$A$2:$S$8,2,FALSE)-1 -> -0.70228847
A13: 2021 | B13: =VLOOKUP(B$1,Pivot!$A$2:$S$8,$A13-2008,FALSE)/VLOOKUP(B$1,Pivot!$A$2:$S$8,2,FALSE)-1 -> -0.40122346 | C13: =VLOOKUP(C$1,Pivot!$A$2:$S$8,$A13-2008,FALSE)/VLOOKUP(C$1,Pivot!$A$2:$S$8,2,FALSE)-1 -> -0.47292367 | D13: =VLOOKUP(D$1,Pivot!$A$2:$S$8,$A13-2008,FALSE)/VLOOKUP(D$1,Pivot!$A$2:$S$8,2,FALSE)-1 -> -0.38957155 | E13: =VLOOKUP(E$1,Pivot!$A$2:$S$8,$A13-2008,FALSE)/VLOOKUP(E$1,Pivot!$A$2:$S$8,2,FALSE)-1 -> -0.36426449 | F13: =VLOOKUP(F$1,Pivot!$A$2:$S$8,$A13-2008,FALSE)/VLOOKUP(F$1,Pivot!$A$2:$S$8,2,FALSE)-1 -> -0.28439193 | G13: =VLOOKUP(G$1,Pivot!$A$2:$S$8,$A13-2008,FALSE)/VLOOKUP(G$1,Pivot!$A$2:$S$8,2,FALSE)-1 -> -0.37027317
... A17: 2025 | B17: =VLOOKUP(B$1,Pivot!$A$2:$S$8,$A17-2008,FALSE)/VLOOKUP(B$1,Pivot!$A$2:$S$8,2,FALSE)-1 -> 0.67110471 | C17: =VLOOKUP(C$1,Pivot!$A$2:$S$8,$A17-2008,FALSE)/VLOOKUP(C$1,Pivot!$A$2:$S$8,2,FALSE)-1 -> 0.95544661 | D17: =VLOOKUP(D$1,Pivot!$A$2:$S$8,$A17-2008,FALSE)/VLOOKUP(D$1,Pivot!$A$2:$S$8,2,FALSE)-1 -> 0.59732206 | E17: =VLOOKUP(E$1,Pivot!$A$2:$S$8,$A17-2008,FALSE)/VLOOKUP(E$1,Pivot!$A$2:$S$8,2,FALSE)-1 -> 0.66998514 | F17: =VLOOKUP(F$1,Pivot!$A$2:$S$8,$A17-2008,FALSE)/VLOOKUP(F$1,Pivot!$A$2:$S$8,2,FALSE)-1 -> 1.1578533 | G17: =VLOOKUP(G$1,Pivot!$A$2:$S$8,$A17-2008,FALSE)/VLOOKUP(G$1,Pivot!$A$2:$S$8,2,FALSE)-1 -> 0.40346887
